id,password,last_login,is_superuser,username,first_name,last_name,email,is_staff,is_active,date_joined
2,jo,2015-06-08 02:26:12.736326+00,False,jo.hartshorn,Jo,Hartshorn,j.hartshorn@example.com,True,True,2015-06-08 02:26:12.736326+00
3,judy,2015-06-08 02:26:12.739517+00,False,judy.lugo,Judy,Lugo,j.lugo@example.com,True,True,2015-06-08 02:26:12.739517+00
4,becky,2015-06-08 02:26:12.742405+00,False,becky.fournier,Becky,Fournier,b.fournier@example.com,True,True,2015-06-08 02:26:12.742405+00
5,robert,2015-06-08 02:26:12.853761+00,False,robert.suttee,Robert,Suttee,r.suttee@example.com,True,True,2015-06-08 02:26:12.853761+00
6,michael,2015-06-08 02:26:12.861188+00,False,michael.crutcher,Michael,Crutcher,m.crutcher@example.com,True,True,2015-06-08 02:26:12.861188+00
7,robert,2015-06-08 02:26:12.862343+00,False,robert.bauer,Robert,Bauer,r.bauer@example.com,True,True,2015-06-08 02:26:12.862343+00
8,deborah,2015-06-08 02:26:12.864592+00,False,deborah.hightower,Deborah,Hightower,d.hightower@example.com,True,True,2015-06-08 02:26:12.864592+00
9,jeffrey,2015-06-08 02:26:12.872935+00,False,jeffrey.wales,Jeffrey,Wales,j.wales@example.com,True,True,2015-06-08 02:26:12.872935+00
10,william,2015-06-08 02:26:12.873311+00,False,william.lewis,William,Lewis,w.lewis@example.com,True,True,2015-06-08 02:26:12.873311+00
11,felicia,2015-06-08 02:26:12.985148+00,False,felicia.bignall,Felicia,Bignall,f.bignall@example.com,True,True,2015-06-08 02:26:12.985148+00
12,laura,2015-06-08 02:26:13.036003+00,False,laura.mantini,Laura,Mantini,l.mantini@example.com,True,True,2015-06-08 02:26:13.036003+00
13,alicia,2015-06-08 02:26:13.038114+00,False,alicia.dickey,Alicia,Dickey,a.dickey@example.com,True,True,2015-06-08 02:26:13.038114+00
14,jamie,2015-06-08 02:26:13.046863+00,False,jamie.troupe,Jamie,Troupe,j.troupe@example.com,True,True,2015-06-08 02:26:13.046863+00
15,melanie,2015-06-08 02:26:13.047704+00,False,melanie.anderson,Melanie,Anderson,m.anderson@example.com,True,True,2015-06-08 02:26:13.047704+00
16,joyce,2015-06-08 02:26:13.051858+00,False,joyce.felton,Joyce,Felton,j.felton@example.com,True,True,2015-06-08 02:26:13.051858+00
17,patrick,2015-06-08 02:26:13.058168+00,False,patrick.whitmire,Patrick,Whitmire,p.whitmire@example.com,True,True,2015-06-08 02:26:13.058168+00
18,evelyn,2015-06-08 02:26:13.059365+00,False,evelyn.herring,Evelyn,Herring,e.herring@example.com,True,True,2015-06-08 02:26:13.059365+00
19,anne,2015-06-08 02:26:13.059656+00,False,anne.rodriguez,Anne,Rodriguez,a.rodriguez@example.com,True,True,2015-06-08 02:26:13.059656+00
20,german,2015-06-08 02:26:13.156757+00,False,german.morgia,German,Morgia,g.morgia@example.com,True,True,2015-06-08 02:26:13.156757+00
21,pamela,2015-06-08 02:26:13.167962+00,False,pamela.mulvaney,Pamela,Mulvaney,p.mulvaney@example.com,True,True,2015-06-08 02:26:13.167962+00
22,aletha,2015-06-08 02:26:13.170943+00,False,aletha.pollard,Aletha,Pollard,a.pollard@example.com,True,True,2015-06-08 02:26:13.170943+00
23,melissa,2015-06-08 02:26:13.263747+00,False,melissa.turzak,Melissa,Turzak,m.turzak@example.com,True,True,2015-06-08 02:26:13.263747+00
24,edward,2015-06-08 02:26:13.302625+00,False,edward.thoren,Edward,Thoren,e.thoren@example.com,True,True,2015-06-08 02:26:13.302625+00
25,danielle,2015-06-08 02:26:13.305297+00,False,danielle.hager,Danielle,Hager,d.hager@example.com,True,True,2015-06-08 02:26:13.305297+00
26,richard,2015-06-08 02:26:13.305595+00,False,richard.price,Richard,Price,r.price@example.com,True,True,2015-06-08 02:26:13.305595+00
27,benjamin,2015-06-08 02:26:13.310214+00,False,benjamin.smoot,Benjamin,Smoot,b.smoot@example.com,True,True,2015-06-08 02:26:13.310214+00
28,sophie,2015-06-08 02:26:13.312133+00,False,sophie.farley,Sophie,Farley,s.farley@example.com,True,True,2015-06-08 02:26:13.312133+00
29,james,2015-06-08 02:26:13.313686+00,False,james.hanna,James,Hanna,j.hanna@example.com,True,True,2015-06-08 02:26:13.313686+00
30,teresa,2015-06-08 02:26:13.403651+00,False,teresa.becwar,Teresa,Becwar,t.becwar@example.com,True,True,2015-06-08 02:26:13.403651+00
31,mark,2015-06-08 02:26:13.404156+00,False,mark.sims,Mark,Sims,m.sims@example.com,True,True,2015-06-08 02:26:13.404156+00
32,mary,2015-06-08 02:26:13.412378+00,False,mary.malinowski,Mary,Malinowski,m.malinowski@example.com,True,True,2015-06-08 02:26:13.412378+00
33,cora,2015-06-08 02:26:13.414336+00,False,cora.kidd,Cora,Kidd,c.kidd@example.com,True,True,2015-06-08 02:26:13.414336+00
34,alberta,2015-06-08 02:26:13.415818+00,False,alberta.york,Alberta,York,a.york@example.com,True,True,2015-06-08 02:26:13.415818+00
35,manuel,2015-06-08 02:26:13.419113+00,False,manuel.weldon,Manuel,Weldon,m.weldon@example.com,True,True,2015-06-08 02:26:13.419113+00
36,jessica,2015-06-08 02:26:13.428514+00,False,jessica.mcatee,Jessica,Mcatee,j.mcatee@example.com,True,True,2015-06-08 02:26:13.428514+00
37,pamela,2015-06-08 02:26:13.429095+00,False,pamela.silva,Pamela,Silva,p.silva@example.com,True,True,2015-06-08 02:26:13.429095+00
38,larry,2015-06-08 02:26:13.518345+00,False,larry.mildren,Larry,Mildren,l.mildren@example.com,True,True,2015-06-08 02:26:13.518345+00
39,christopher,2015-06-08 02:26:13.520011+00,False,christopher.russo,Christopher,Russo,c.russo@example.com,True,True,2015-06-08 02:26:13.520011+00
40,edna,2015-06-08 02:26:13.532145+00,False,edna.nolasco,Edna,Nolasco,e.nolasco@example.com,True,True,2015-06-08 02:26:13.532145+00
41,rosario,2015-06-08 02:26:13.533922+00,False,rosario.jones,Rosario,Jones,r.jones@example.com,True,True,2015-06-08 02:26:13.533922+00
42,grace,2015-06-08 02:26:13.535766+00,False,grace.dominguez,Grace,Dominguez,g.dominguez@example.com,True,True,2015-06-08 02:26:13.535766+00
43,bunny,2015-06-08 02:26:13.541456+00,False,bunny.russell,Bunny,Russell,b.russell@example.com,True,True,2015-06-08 02:26:13.541456+00
44,jamie,2015-06-08 02:26:13.543136+00,False,jamie.preston,Jamie,Preston,j.preston@example.com,True,True,2015-06-08 02:26:13.543136+00
45,russell,2015-06-08 02:26:13.543909+00,False,russell.manning,Russell,Manning,r.manning@example.com,True,True,2015-06-08 02:26:13.543909+00
46,eric,2015-06-08 02:26:13.544136+00,False,eric.walker,Eric,Walker,e.walker@example.com,True,True,2015-06-08 02:26:13.544136+00
47,vivian,2015-06-08 02:26:13.616155+00,False,vivian.hader,Vivian,Hader,v.hader@example.com,True,True,2015-06-08 02:26:13.616155+00
48,jennifer,2015-06-08 02:26:13.618932+00,False,jennifer.bergman,Jennifer,Bergman,j.bergman@example.com,True,True,2015-06-08 02:26:13.618932+00
49,lorena,2015-06-08 02:26:13.721985+00,False,lorena.crockette,Lorena,Crockette,l.crockette@example.com,True,True,2015-06-08 02:26:13.721985+00
50,jeffrey,2015-06-08 02:26:13.722786+00,False,jeffrey.moody,Jeffrey,Moody,j.moody@example.com,True,True,2015-06-08 02:26:13.722786+00
51,ella,2015-06-08 02:26:13.769776+00,False,ella.fronczak,Ella,Fronczak,e.fronczak@example.com,True,True,2015-06-08 02:26:13.769776+00
52,eric,2015-06-08 02:26:13.772867+00,False,eric.borden,Eric,Borden,e.borden@example.com,True,True,2015-06-08 02:26:13.772867+00
53,michael,2015-06-08 02:26:13.773497+00,False,michael.sharp,Michael,Sharp,m.sharp@example.com,True,True,2015-06-08 02:26:13.773497+00
54,ronald,2015-06-08 02:26:13.773981+00,False,ronald.romero,Ronald,Romero,r.romero@example.com,True,True,2015-06-08 02:26:13.773981+00
55,maria,2015-06-08 02:26:13.785131+00,False,maria.zumwalt,Maria,Zumwalt,m.zumwalt@example.com,True,True,2015-06-08 02:26:13.785131+00
56,robert,2015-06-08 02:26:13.800708+00,False,robert.grindstaff,Robert,Grindstaff,r.grindstaff@example.com,True,True,2015-06-08 02:26:13.800708+00
57,annette,2015-06-08 02:26:13.801522+00,False,annette.caldwell,Annette,Caldwell,a.caldwell@example.com,True,True,2015-06-08 02:26:13.801522+00
58,elizabeth,2015-06-08 02:26:13.801787+00,False,elizabeth.washington,Elizabeth,Washington,e.washington@example.com,True,True,2015-06-08 02:26:13.801787+00
59,aurora,2015-06-08 02:26:13.802711+00,False,aurora.perez,Aurora,Perez,a.perez@example.com,True,True,2015-06-08 02:26:13.802711+00
60,anna,2015-06-08 02:26:13.936060+00,False,anna.marsaw,Anna,Marsaw,a.marsaw@example.com,True,True,2015-06-08 02:26:13.936060+00
61,keith,2015-06-08 02:26:14.007187+00,False,keith.lazaroff,Keith,Lazaroff,k.lazaroff@example.com,True,True,2015-06-08 02:26:14.007187+00
62,william,2015-06-08 02:26:14.083012+00,False,william.nostrand,William,Nostrand,w.nostrand@example.com,True,True,2015-06-08 02:26:14.083012+00
63,barbara,2015-06-08 02:26:14.083388+00,False,barbara.hernandez,Barbara,Hernandez,b.hernandez@example.com,True,True,2015-06-08 02:26:14.083388+00
64,murray,2015-06-08 02:26:14.106750+00,False,murray.haslett,Murray,Haslett,m.haslett@example.com,True,True,2015-06-08 02:26:14.106750+00
65,dana,2015-06-08 02:26:14.107926+00,False,dana.short,Dana,Short,d.short@example.com,True,True,2015-06-08 02:26:14.107926+00
66,mary,2015-06-08 02:26:14.109604+00,False,mary.barlow,Mary,Barlow,m.barlow@example.com,True,True,2015-06-08 02:26:14.109604+00
67,barbara,2015-06-08 02:26:14.114728+00,False,barbara.beam,Barbara,Beam,b.beam@example.com,True,True,2015-06-08 02:26:14.114728+00
68,maria,2015-06-08 02:26:14.135578+00,False,maria.woodyard,Maria,Woodyard,m.woodyard@example.com,True,True,2015-06-08 02:26:14.135578+00
69,yesenia,2015-06-08 02:26:14.171257+00,False,yesenia.karst,Yesenia,Karst,y.karst@example.com,True,True,2015-06-08 02:26:14.171257+00
70,mike,2015-06-08 02:26:14.176626+00,False,mike.bohannon,Mike,Bohannon,m.bohannon@example.com,True,True,2015-06-08 02:26:14.176626+00
71,deborah,2015-06-08 02:26:14.176980+00,False,deborah.washington,Deborah,Washington,d.washington@example.com,True,True,2015-06-08 02:26:14.176980+00
72,hope,2015-06-08 02:26:14.177721+00,False,hope.thompson,Hope,Thompson,h.thompson@example.com,True,True,2015-06-08 02:26:14.177721+00
73,jeffrey,2015-06-08 02:26:14.178838+00,False,jeffrey.mcclure,Jeffrey,Mcclure,j.mcclure@example.com,True,True,2015-06-08 02:26:14.178838+00
74,gail,2015-06-08 02:26:14.179375+00,False,gail.johnson,Gail,Johnson,g.johnson@example.com,True,True,2015-06-08 02:26:14.179375+00
75,charles,2015-06-08 02:26:14.187291+00,False,charles.kozlowski,Charles,Kozlowski,c.kozlowski@example.com,True,True,2015-06-08 02:26:14.187291+00
76,nancy,2015-06-08 02:26:14.206769+00,False,nancy.allaire,Nancy,Allaire,n.allaire@example.com,True,True,2015-06-08 02:26:14.206769+00
77,mike,2015-06-08 02:26:14.217904+00,False,mike.hildebrandt,Mike,Hildebrandt,m.hildebrandt@example.com,True,True,2015-06-08 02:26:14.217904+00
78,mae,2015-06-08 02:26:14.221397+00,False,mae.mahoney,Mae,Mahoney,m.mahoney@example.com,True,True,2015-06-08 02:26:14.221397+00
79,mark,2015-06-08 02:26:14.222194+00,False,mark.burton,Mark,Burton,m.burton@example.com,True,True,2015-06-08 02:26:14.222194+00
80,james,2015-06-08 02:26:14.222384+00,False,james.jackson,James,Jackson,j.jackson@example.com,True,True,2015-06-08 02:26:14.222384+00
81,ella,2015-06-08 02:26:14.223101+00,False,ella.johnson,Ella,Johnson,e.johnson@example.com,True,True,2015-06-08 02:26:14.223101+00
82,juan,2015-06-08 02:26:14.223556+00,False,juan.baker,Juan,Baker,j.baker@example.com,True,True,2015-06-08 02:26:14.223556+00
83,karen,2015-06-08 02:26:14.224036+00,False,karen.hayes,Karen,Hayes,k.hayes@example.com,True,True,2015-06-08 02:26:14.224036+00
84,lorraine,2015-06-08 02:26:14.233980+00,False,lorraine.harbison,Lorraine,Harbison,l.harbison@example.com,True,True,2015-06-08 02:26:14.233980+00
85,leona,2015-06-08 02:26:14.235464+00,False,leona.conner,Leona,Conner,l.conner@example.com,True,True,2015-06-08 02:26:14.235464+00
86,joan,2015-06-08 02:26:14.235720+00,False,joan.taylor,Joan,Taylor,j.taylor@example.com,True,True,2015-06-08 02:26:14.235720+00
87,brittany,2015-06-08 02:26:14.243205+00,False,brittany.lemmon,Brittany,Lemmon,b.lemmon@example.com,True,True,2015-06-08 02:26:14.243205+00
88,sheena,2015-06-08 02:26:14.315318+00,False,sheena.brimmage,Sheena,Brimmage,s.brimmage@example.com,True,True,2015-06-08 02:26:14.315318+00
89,michael,2015-06-08 02:26:14.317805+00,False,michael.kinney,Michael,Kinney,m.kinney@example.com,True,True,2015-06-08 02:26:14.317805+00
90,cody,2015-06-08 02:26:14.325902+00,False,cody.balderas,Cody,Balderas,c.balderas@example.com,True,True,2015-06-08 02:26:14.325902+00
91,rebecca,2015-06-08 02:26:14.326282+00,False,rebecca.cooper,Rebecca,Cooper,r.cooper@example.com,True,True,2015-06-08 02:26:14.326282+00
92,mark,2015-06-08 02:26:14.327425+00,False,mark.mejia,Mark,Mejia,m.mejia@example.com,True,True,2015-06-08 02:26:14.327425+00
93,joshua,2015-06-08 02:26:14.328599+00,False,joshua.ashley,Joshua,Ashley,j.ashley@example.com,True,True,2015-06-08 02:26:14.328599+00
94,delsie,2015-06-08 02:26:14.335234+00,False,delsie.piper,Delsie,Piper,d.piper@example.com,True,True,2015-06-08 02:26:14.335234+00
95,jacqueline,2015-06-08 02:26:14.363092+00,False,jacqueline.quon,Jacqueline,Quon,j.quon@example.com,True,True,2015-06-08 02:26:14.363092+00
96,mikaela,2015-06-08 02:26:14.507121+00,False,mikaela.rudish,Mikaela,Rudish,m.rudish@example.com,True,True,2015-06-08 02:26:14.507121+00
97,shirley,2015-06-08 02:26:14.507394+00,False,shirley.davis,Shirley,Davis,s.davis@example.com,True,True,2015-06-08 02:26:14.507394+00
98,norma,2015-06-08 02:26:14.507767+00,False,norma.jenkins,Norma,Jenkins,n.jenkins@example.com,True,True,2015-06-08 02:26:14.507767+00
99,george,2015-06-08 02:26:14.509920+00,False,george.benitez,George,Benitez,g.benitez@example.com,True,True,2015-06-08 02:26:14.509920+00
100,debra,2015-06-08 02:26:14.513634+00,False,debra.bauman,Debra,Bauman,d.bauman@example.com,True,True,2015-06-08 02:26:14.513634+00
101,joshua,2015-06-08 02:26:14.514012+00,False,joshua.jackson,Joshua,Jackson,j.jackson@example.com,True,True,2015-06-08 02:26:14.514012+00
